Workbook

Sheet Project Overview
A1: NorthBridge Construction Services Inc.
A2: Vendor Payment Register – Fiscal Year 2026
A4: Company Overview
A5: NorthBridge Construction Services Inc. is a Canadian construction company. The company works on building projects and pays many vendors.
A7: Purpose
A8: This workbook helps staff track cheque payments, review vendor costs, and support monthly financial reports.
A10: What This File Includes
A11: - Project Overview
A12: - Vendor Payments
A13: - Vendor Summary
A14: - Dashboard
A16: Currency
... A20: Accounting Clerks, Bookkeepers, Finance Assistants, and Operations Managers

Sheet Vendor Payments
A1: Vendor Payment Register – Fiscal Year 2026
A2: NorthBridge Construction Services Inc.
A4: Cheque Number | B4: Payment Date | C4: Vendor Name | D4: Payment Amount (CAD) | F4: SUMMARY & ANALYSIS
A5: CHQ-2601 | B5: 46030 | C5: Atlas Building Materials | D5: 8240.75
A6: CHQ-2602 | B6: 46038 | C6: Prime Electrical Systems | D6: 5125.4 | F6: Total Cheques: | G6: =COUNTA($A$5:$A$19) -> 15
A7: CHQ-2603 | B7: 46056 | C7: Metro Office Services | D7: 945.3 | F7: Total Amount: | G7: =SUM($D$5:$D$19) -> 77374.45
A8: CHQ-2604 | B8: 46071 | C8: Green Energy Contractors | D8: 12380 | F8: Average Amount: | G8: =AVERAGE($D$5:$D$19) -> 5158.2967
A9: CHQ-2605 | B9: 46088 | C9: Atlas Building Materials | D9: 6785.25 | F9: Largest Cheque: | G9: =MAX($D$5:$D$19) -> 12380
A10: CHQ-2606 | B10: 46102 | C10: Skyline Marketing Group | D10: 2980 | F10: Smallest Cheque: | G10: =MIN($D$5:$D$19) -> 875.4
A11: CHQ-2607 | B11: 46121 | C11: Prime Electrical Systems | D11: 7425.9 | F11: Unique Vendors: | G11: =COUNTA(_xludf.UNIQUE($C$5:$C$19)) -> 1
A12: CHQ-2608 | B12: 46138 | C12: Northern Facility Services | D12: 1850 | F12: First Cheque Date: | G12: =MIN($B$5:$B$19) -> 46030
A13: CHQ-2609 | B13: 46154 | C13: Metro Office Services | D13: 1125.75 | F13: Last Cheque Date: | G13: =MAX($B$5:$B$19) -> 46238
A14: CHQ-2610 | B14: 46171 | C14: Atlas Building Materials | D14: 9130.2 | F14: Cheques > $2,000: | G14: =COUNTIF($D$5:$D$19,">2000") -> 11
A15: CHQ-2611 | B15: 46181 | C15: Insurance Partners Canada | D15: 5500 | F15: Atlas Building Materials Total: | G15: =SUMIF($C$5:$C$19,"Atlas Building Materials",$D$5:$D$19) -> 24156.2
A16: CHQ-2612 | B16: 46192 | C16: Prime Electrical Systems | D16: 3860.5
A17: CHQ-2613 | B17: 46205 | C17: Green Energy Contractors | D17: 6890
A18: CHQ-2614 | B18: 46220 | C18: Skyline Marketing Group | D18: 4260
A19: CHQ-2615 | B19: 46238 | C19: Metro Office Services | D19: 875.4

Sheet Vendor Summary
A1: Vendor Payment Summary
A3: Vendor Name | B3: Number of Cheques | C3: Total Paid (CAD) | D3: Average Payment (CAD) | E3: Share of Total
A4: Atlas Building Materials | B4: =COUNTIF('Vendor Payments'!$C$5:$C$19,A4) -> 3 | C4: =SUMIF('Vendor Payments'!$C$5:$C$19,A4,'Vendor Payments'!$D$5:$D$19) -> 24156.2 | D4: =IFERROR(C4/B4,0) -> 8052.0667 | E4: =IFERROR(C4/SUM($C$4:$C$10),0) -> 0.31219867
A5: Prime Electrical Systems | B5: =COUNTIF('Vendor Payments'!$C$5:$C$19,A5) -> 3 | C5: =SUMIF('Vendor Payments'!$C$5:$C$19,A5,'Vendor Payments'!$D$5:$D$19) -> 16411.8 | D5: =IFERROR(C5/B5,0) -> 5470.6 | E5: =IFERROR(C5/SUM($C$4:$C$10),0) -> 0.21210878
A6: Metro Office Services | B6: =COUNTIF('Vendor Payments'!$C$5:$C$19,A6) -> 3 | C6: =SUMIF('Vendor Payments'!$C$5:$C$19,A6,'Vendor Payments'!$D$5:$D$19) -> 2946.45 | D6: =IFERROR(C6/B6,0) -> 982.15 | E6: =IFERROR(C6/SUM($C$4:$C$10),0) -> 0.0380804
A7: Green Energy Contractors | B7: =COUNTIF('Vendor Payments'!$C$5:$C$19,A7) -> 2 | C7: =SUMIF('Vendor Payments'!$C$5:$C$19,A7,'Vendor Payments'!$D$5:$D$19) -> 19270 | D7: =IFERROR(C7/B7,0) -> 9635 | E7: =IFERROR(C7/SUM($C$4:$C$10),0) -> 0.24904862
A8: Skyline Marketing Group | B8: =COUNTIF('Vendor Payments'!$C$5:$C$19,A8) -> 2 | C8: =SUMIF('Vendor Payments'!$C$5:$C$19,A8,'Vendor Payments'!$D$5:$D$19) -> 7240 | D8: =IFERROR(C8/B8,0) -> 3620 | E8: =IFERROR(C8/SUM($C$4:$C$10),0) -> 0.09357094
A9: Northern Facility Services | B9: =COUNTIF('Vendor Payments'!$C$5:$C$19,A9) -> 1 | C9: =SUMIF('Vendor Payments'!$C$5:$C$19,A9,'Vendor Payments'!$D$5:$D$19) -> 1850 | D9: =IFERROR(C9/B9,0) -> 1850 | E9: =IFERROR(C9/SUM($C$4:$C$10),0) -> 0.023909701
A10: Insurance Partners Canada | B10: =COUNTIF('Vendor Payments'!$C$5:$C$19,A10) -> 1 | C10: =SUMIF('Vendor Payments'!$C$5:$C$19,A10,'Vendor Payments'!$D$5:$D$19) -> 5500 | D10: =IFERROR(C10/B10,0) -> 5500 | E10: =IFERROR(C10/SUM($C$4:$C$10),0) -> 0.071082896
A12: Top Vendor | B12: =INDEX(A4:A10,MATCH(MAX(C4:C10),C4:C10,0)) -> Atlas Building Materials
A13: Total Paid | B13: =SUM(C4:C10) -> 77374.45

Sheet Dashboard
A1: NorthBridge Vendor Payment Dashboard – FY2026
A3: Total Payments | B3: ='Vendor Payments'!$G$7 -> 77374.45 | D3: Average Payment | E3: ='Vendor Payments'!$G$8 -> 5158.2967 | G3: Top Vendor | H3: ='Vendor Summary'!$B$12 -> Atlas Building Materials
A4: Number of Cheques | B4: ='Vendor Payments'!$G$6 -> 15 | D4: Largest Cheque | E4: ='Vendor Payments'!$G$9 -> 12380 | G4: Cheques > $2,000 | H4: ='Vendor Payments'!$G$14 -> 11
A6: Project Note
A7: This dashboard shows cheque payments by vendor. All amounts are shown in Canadian dollars ($).
A8: The file helps accounting staff review vendor expenses and monthly payment activity.
A10: Vendor Name | B10: Number of Cheques | C10: Total Paid (CAD) | D10: Average Payment (CAD) | E10: Share of Total
A11: ='Vendor Summary'!A4 -> Atlas Building Materials | B11: ='Vendor Summary'!B4 -> 3 | C11: ='Vendor Summary'!C4 -> 24156.2 | D11: ='Vendor Summary'!D4 -> 8052.0667 | E11: ='Vendor Summary'!E4 -> 0.31219867
A12: ='Vendor Summary'!A5 -> Prime Electrical Systems | B12: ='Vendor Summary'!B5 -> 3 | C12: ='Vendor Summary'!C5 -> 16411.8 | D12: ='Vendor Summary'!D5 -> 5470.6 | E12: ='Vendor Summary'!E5 -> 0.21210878
A13: ='Vendor Summary'!A6 -> Metro Office Services | B13: ='Vendor Summary'!B6 -> 3 | C13: ='Vendor Summary'!C6 -> 2946.45 | D13: ='Vendor Summary'!D6 -> 982.15 | E13: ='Vendor Summary'!E6 -> 0.0380804
A14: ='Vendor Summary'!A7 -> Green Energy Contractors | B14: ='Vendor Summary'!B7 -> 2 | C14: ='Vendor Summary'!C7 -> 19270 | D14: ='Vendor Summary'!D7 -> 9635 | E14: ='Vendor Summary'!E7 -> 0.24904862
A15: ='Vendor Summary'!A8 -> Skyline Marketing Group | B15: ='Vendor Summary'!B8 -> 2 | C15: ='Vendor Summary'!C8 -> 7240 | D15: ='Vendor Summary'!D8 -> 3620 | E15: ='Vendor Summary'!E8 -> 0.09357094
A16: ='Vendor Summary'!A9 -> Northern Facility Services | B16: ='Vendor Summary'!B9 -> 1 | C16: ='Vendor Summary'!C9 -> 1850 | D16: ='Vendor Summary'!D9 -> 1850 | E16: ='Vendor Summary'!E9 -> 0.023909701
A17: ='Vendor Summary'!A10 -> Insurance Partners Canada | B17: ='Vendor Summary'!B10 -> 1 | C17: ='Vendor Summary'!C10 -> 5500 | D17: ='Vendor Summary'!D10 -> 5500 | E17: ='Vendor Summary'!E10 -> 0.071082896
